"name","label","description","content","begin","end","cats","country"
"event.github_pages","GitHub Pages","GitHub Pages","2001-01-01","2001-01-01","","","US"
"event.github_pages_quickstart","GitHub Pages\nQuickstart","GitHub Pages\nQuickstart","1800-01-01","2100-01-01","","","US"
"event.github_universe_2025","GitHub\nUniverse 2025","GitHub Universe 2025 - October 28-29 - San Francisco, CA","1800-01-01","2100-01-01","","","US"
"event.azure_events","Azure\nevents","Azure\nevents","1800-01-01","2100-01-01","","","US"
"event.microsoft_pay_so_much_github","Microsoft Pay\nso Much for GitHub","Why Microsoft Is Willing to Pay So Much for GitHub","2018-06-06","2018-06-06","","financial","US"
"event.microsoft_linkedin","Microsoft\nbuy Linkedin","Microsoft to buy LinkedIn for $26.2 billion in its largest deal","1800-01-01","2100-01-01","","financial","US"
"event.microsoft_shocked_internet_buying_github","Microsoft's GitHub Acquisition\nShocks the Internet","Pourquoi le rachat de GitHub par Microsoft pour 7,5 milliards de dollars choque Internet","2018-06-05","2018-06-05","","financial","FR"
"event.dohmke_you_could_write_software","Thomas Dohmke\nbio","Thomas Dohmke – Biografie","1800-01-01","2100-01-01","","media","US"
"event.github_vs_bitbucket","Github vs\nBitbucket","Github vs\nBitbucket","1800-01-01","2100-01-01","","media","US"
"event.github_vs_gitlab","Github vs\nGitlab","Github vs\nGitlab","1800-01-01","2100-01-01","","media","US"
"event.businesstoday_GitHub_AI_Agent","GitHub AI Agent","Microsoft Launches GitHub AI Agent That Codes & Fixes Bugs, Satya Nadella Demos Live Bug Fixes","1800-01-01","2100-01-01","","media","US"
